{"graph": {"_type": "graph-file", "path": "media/graph/graph_summary_8da124a5.graph.json", "sha256": "8da124a5483cb2888d688d497bdae832ad474f3448515603af911d1d290298cc", "size": 723}, "_runtime": 5.741936922073364, "val_mse": 17.038612365722656, "mae": 1.773819923400879, "val_mae": 2.7391421794891357, "_timestamp": 1584640713.421841, "_step": 49, "loss": 5.283126376293324, "val_loss": 17.038612621933666, "mse": 5.283126354217529, "epoch": 49, "best_val_loss": 11.034356355667114, "best_epoch": 26}
