{"graph": {"_type": "graph-file", "path": "media/graph/graph_summary_485b6120.graph.json", "sha256": "485b61201116bb8d1f88b7233a701f10575d36e883707d82acad1ca07aa3b127", "size": 720}, "_runtime": 7.482486009597778, "val_mse": 12.380297660827637, "mae": 1.5662226676940918, "val_mae": 2.4915835857391357, "_timestamp": 1584640487.467565, "_step": 49, "loss": 4.288262599044376, "val_loss": 12.380296208965245, "mse": 4.288262844085693, "epoch": 49, "best_val_loss": 11.978558038597676, "best_epoch": 33}
