{"graph": {"_type": "graph-file", "path": "media/graph/graph_summary_a35f2af7.graph.json", "sha256": "a35f2af768953f0835263169b01db3d987521e83b3d546ba316c469b819b4f50", "size": 738}, "_runtime": 4.676630020141602, "val_mse": 62.972015380859375, "mae": 4.7480692863464355, "val_mae": 5.715032577514648, "_timestamp": 1584640736.896081, "_step": 49, "loss": 41.382975578308105, "val_loss": 62.972022184685095, "mse": 41.38298034667969, "epoch": 49, "best_val_loss": 62.972022184685095, "best_epoch": 49}
